{
  "project_info": {
    "project_number": "857782620470",
    "project_id": "fir-example-61d74",
    "storage_bucket": "fir-example-61d74.appspot.com"
  },
  "client": [
    {
      "client_info": {
        "mobilesdk_app_id": "1:857782620470:android:75ac94e70ae29c7b236397",
        "android_client_info": {
          "package_name": "com.ase.dam.seminar2"
        }
      },
      "oauth_client": [
        {
          "client_id": "857782620470-3phshk73538es6fee9mhs536tassj8p8.apps.googleusercontent.com",
          "client_type": 3
        }
      ],
      "api_key": [
        {
          "current_key": "AIzaSyAv_Lm7FhlEWgsKwSQPU85y4kN42fi4IhE"
        }
      ],
      "services": {
        "appinvite_service": {
          "other_platform_oauth_client": [
            {
              "client_id": "857782620470-3phshk73538es6fee9mhs536tassj8p8.apps.googleusercontent.com",
              "client_type": 3
            }
          ]
        }
      }
    }
  ],
  "configuration_version": "1"
}